{"Epoch": 10, "Train Loss": 0.007326625618285713, "Train Acc": 99.800796812749, "Valid Loss": 0.9391129246124854, "Valid Acc": 87.37373737373737, "Elapsed time:": 747.2290737628937, "_timestamp": 1715215996.9471688, "_runtime": 749.431489944458, "_step": 9, "confusion_matrix_table": {"_type": "table-file", "sha256": "6dce1ac06dd63e3bab8a8747523dd31260b50a6bda8fe2aec2c9c205281d4bea", "size": 361, "artifact_path": "wandb-client-artifact://9m2583kzhw7ezishv0297win1rbdri7smhuvf8hzqcbim52h8h7qafwjsvcxossss4s1269f6epf96uucpo83ouvt9fi2h9qnanry1zrk830tc1wdf919pz8beq4yfoh:latest/confusion_matrix_table.table.json", "_latest_artifact_path": "wandb-client-artifact://9m2583kzhw7ezishv0297win1rbdri7smhuvf8hzqcbim52h8h7qafwjsvcxossss4s1269f6epf96uucpo83ouvt9fi2h9qnanry1zrk830tc1wdf919pz8beq4yfoh:latest/confusion_matrix_table.table.json", "path": "media/table/confusion_matrix_table_9_6dce1ac06dd63e3bab8a.table.json", "ncols": 3, "nrows": 9}}