{"Epoch": 10, "Train Loss": 0.034489692054194165, "Train Acc": 98.53917662682603, "Valid Loss": 0.49962913531523484, "Valid Acc": 86.86868686868686, "Elapsed time:": 2220.6952090263367, "_timestamp": 1715204448.1272516, "_runtime": 2224.551164627075, "_step": 10, "confusion_matrix_table": {"_type": "table-file", "sha256": "234431e353b5435f91320dea93ce4215a6d762361cccc19fccd3c81e5382dc74", "size": 360, "artifact_path": "wandb-client-artifact://wcszmc3qhttrtny08l5w4xzyb705b7e2tg8fckqzaf5tys4r4w37mjfluelxegm61yud0qczcnbd0mdy0ieolr3fhht2i3pni2hcj1k3tw9c6wt4g6tu85dbtv4atynf:latest/confusion_matrix_table.table.json", "_latest_artifact_path": "wandb-client-artifact://wcszmc3qhttrtny08l5w4xzyb705b7e2tg8fckqzaf5tys4r4w37mjfluelxegm61yud0qczcnbd0mdy0ieolr3fhht2i3pni2hcj1k3tw9c6wt4g6tu85dbtv4atynf:latest/confusion_matrix_table.table.json", "path": "media/table/confusion_matrix_table_10_234431e353b5435f9132.table.json", "ncols": 3, "nrows": 9}, "_wandb": {"runtime": 2224}}