{"Epoch": 10, "Train Loss": 0.03135976067892443, "Train Acc": 99.00398406374502, "Valid Loss": 0.4451223841080299, "Valid Acc": 88.38383838383838, "Elapsed time:": 871.683301448822, "_timestamp": 1715206653.7322147, "_runtime": 874.4374797344208, "_step": 10, "confusion_matrix_table": {"_type": "table-file", "sha256": "4af8d035651cfbfe699bd35d046a52eaa9a85dbdf82137c3dc5e57e487a130cb", "size": 360, "artifact_path": "wandb-client-artifact://4yasfmdtjjjoqs66gmv9vhja852tyi6cx77ier7sysy6r3g5fd4f9h0ak7knh44bnxi7qmucv4fcgog3dnfzdzfwgpgzgrgkjfn5rog72zzog7gtxrqr0nzsx1cb2jd7:latest/confusion_matrix_table.table.json", "_latest_artifact_path": "wandb-client-artifact://4yasfmdtjjjoqs66gmv9vhja852tyi6cx77ier7sysy6r3g5fd4f9h0ak7knh44bnxi7qmucv4fcgog3dnfzdzfwgpgzgrgkjfn5rog72zzog7gtxrqr0nzsx1cb2jd7:latest/confusion_matrix_table.table.json", "path": "media/table/confusion_matrix_table_10_4af8d035651cfbfe699b.table.json", "ncols": 3, "nrows": 9}, "_wandb": {"runtime": 874}}