{"Epoch": 10, "Train Loss": 0.057197031380421016, "Train Acc": 97.80876494023904, "Valid Loss": 0.6586013046594766, "Valid Acc": 86.11111111111111, "Elapsed time:": 800.2430317401886, "_timestamp": 1715213380.4775465, "_runtime": 804.2879905700684, "_step": 10, "confusion_matrix_table": {"_type": "table-file", "sha256": "847cebc92dc96107d2f314af1b6f504b844258f7e0593583918680495cd88570", "size": 362, "artifact_path": "wandb-client-artifact://r0hrmesruvo29jkhgevknf4bnnzfykjmsacp7c4b9kr1jug4w5t78m6wvpzzmfbatqtbtr8key6htbo487c982ymryq2artzi6hzkcjnrz2gcba2dh6d4wh19hzb293m:latest/confusion_matrix_table.table.json", "_latest_artifact_path": "wandb-client-artifact://r0hrmesruvo29jkhgevknf4bnnzfykjmsacp7c4b9kr1jug4w5t78m6wvpzzmfbatqtbtr8key6htbo487c982ymryq2artzi6hzkcjnrz2gcba2dh6d4wh19hzb293m:latest/confusion_matrix_table.table.json", "path": "media/table/confusion_matrix_table_10_847cebc92dc96107d2f3.table.json", "ncols": 3, "nrows": 9}, "_wandb": {"runtime": 876}}