{"Epoch": 10, "Train Loss": 0.0004051046975443266, "Train Acc": 100.0, "Valid Loss": 0.5196517774691949, "Valid Acc": 88.38383838383838, "Elapsed time:": 762.3422653675079, "_timestamp": 1715210693.5047944, "_runtime": 764.9294333457947, "_step": 10, "confusion_matrix_table": {"_type": "table-file", "sha256": "f178383c440d46783609156cfd3a2629f21909184679b6b1f4e276a9b0ccb465", "size": 362, "artifact_path": "wandb-client-artifact://bowrbgmp3vf3rsi07l4rmc2ol7xk8ojl4k1xx19ccbrlilzo489oxdy6fkl01p0g2hkpr30l8ui5sc8c7t6iu9twrapvo3gohckwx5ywzbxk7tk1xym6j6jwy1ju7fmi:latest/confusion_matrix_table.table.json", "_latest_artifact_path": "wandb-client-artifact://bowrbgmp3vf3rsi07l4rmc2ol7xk8ojl4k1xx19ccbrlilzo489oxdy6fkl01p0g2hkpr30l8ui5sc8c7t6iu9twrapvo3gohckwx5ywzbxk7tk1xym6j6jwy1ju7fmi:latest/confusion_matrix_table.table.json", "path": "media/table/confusion_matrix_table_10_f178383c440d46783609.table.json", "ncols": 3, "nrows": 9}, "_wandb": {"runtime": 764}}