{"Epoch": 10, "Train Loss": 0.06069250789005309, "Train Acc": 98.14077025232403, "Valid Loss": 0.8172399287040417, "Valid Acc": 75.25252525252525, "Elapsed time:": 893.8320233821869, "_timestamp": 1715209903.4453354, "_runtime": 896.641003370285, "_step": 10, "confusion_matrix_table": {"_type": "table-file", "sha256": "1c01af67ca25d5f4eb1ab69c7e8af593d4f649385e097e92420d55256775d4b6", "size": 361, "artifact_path": "wandb-client-artifact://w4ye393s8beymouy7ypia57itwm6rscsrfj6pt6kxkmdokx6oxkpec78atvrk3qji18skf61vgqdm42dy9yq77r1jwxm48934uhfx6sbxvpunkxxqbs1nizjbxbvb59o:latest/confusion_matrix_table.table.json", "_latest_artifact_path": "wandb-client-artifact://w4ye393s8beymouy7ypia57itwm6rscsrfj6pt6kxkmdokx6oxkpec78atvrk3qji18skf61vgqdm42dy9yq77r1jwxm48934uhfx6sbxvpunkxxqbs1nizjbxbvb59o:latest/confusion_matrix_table.table.json", "path": "media/table/confusion_matrix_table_10_1c01af67ca25d5f4eb1a.table.json", "ncols": 3, "nrows": 9}, "_wandb": {"runtime": 913}}