{"Epoch": 10, "Train Loss": 0.02216438862669179, "Train Acc": 99.26958831341301, "Valid Loss": 0.5544097882050735, "Valid Acc": 86.36363636363636, "Elapsed time:": 855.4925246238708, "_timestamp": 1715214318.6765609, "_runtime": 858.1689398288727, "_step": 10, "confusion_matrix_table": {"_type": "table-file", "sha256": "dc629b60478bdc713a1a808fa1f1c4c421a9a291f7b2fb291a7edcb6e6e3ac92", "size": 361, "artifact_path": "wandb-client-artifact://zpsxyi8srep10t2jk4jzcohfq3ej36ml47lifdr5yeozw8ssdfms74b796rnwpk19s72yzn6t1t0qbsha9h9srauhhk8p0mugg7gc2095as8kqztfhzf5uj3fuo0930n:latest/confusion_matrix_table.table.json", "_latest_artifact_path": "wandb-client-artifact://zpsxyi8srep10t2jk4jzcohfq3ej36ml47lifdr5yeozw8ssdfms74b796rnwpk19s72yzn6t1t0qbsha9h9srauhhk8p0mugg7gc2095as8kqztfhzf5uj3fuo0930n:latest/confusion_matrix_table.table.json", "path": "media/table/confusion_matrix_table_10_dc629b60478bdc713a1a.table.json", "ncols": 3, "nrows": 9}, "_wandb": {"runtime": 857}}