{"Epoch": 10, "Train Loss": 0.006500501163069809, "Train Acc": 99.800796812749, "Valid Loss": 0.6297122423465435, "Valid Acc": 86.61616161616162, "Elapsed time:": 867.6105461120605, "_timestamp": 1715208920.8415713, "_runtime": 870.0184512138367, "_step": 10, "confusion_matrix_table": {"_type": "table-file", "sha256": "06d9136f3bdc2b0095c36d69c6575c6f3ef276f389af491062bcc90cd2db8993", "size": 361, "artifact_path": "wandb-client-artifact://gupsrble539xl8gppq6fk4sz702cls0ncdlnpnk1tzipvefnz3drj7s9avz9dk3wc4krosx5jdb5gme7brn8xdcjpa2gf3rcyzjnhd8yekwiaxd53nzqywmpjzlwg3bn:latest/confusion_matrix_table.table.json", "_latest_artifact_path": "wandb-client-artifact://gupsrble539xl8gppq6fk4sz702cls0ncdlnpnk1tzipvefnz3drj7s9avz9dk3wc4krosx5jdb5gme7brn8xdcjpa2gf3rcyzjnhd8yekwiaxd53nzqywmpjzlwg3bn:latest/confusion_matrix_table.table.json", "path": "media/table/confusion_matrix_table_10_06d9136f3bdc2b0095c3.table.json", "ncols": 3, "nrows": 9}, "_wandb": {"runtime": 869}}