{"Epoch": 10, "Train Loss": 0.1039620119263418, "Train Acc": 97.27755644090306, "Valid Loss": 1.4218468061612488, "Valid Acc": 63.38383838383838, "Elapsed time:": 1691.433251619339, "_timestamp": 1715191892.1671748, "_runtime": 1694.2612128257751, "_step": 10, "confusion_matrix_table": {"_type": "table-file", "sha256": "8091265284148e495f126993064a2dff537d60341fda14e3bc73cd6355ba008e", "size": 360, "artifact_path": "wandb-client-artifact://3vy3el7h0mu5a3rsr3k6u69n9vapxy6q6r3jibdfy6cdbf1cnaka4zjr1x70hccp5umn6yppfvgu0biivz02qbo6ipyz4svlqge7holnmnq70iyea0b472kw1wqgdzn8:latest/confusion_matrix_table.table.json", "_latest_artifact_path": "wandb-client-artifact://3vy3el7h0mu5a3rsr3k6u69n9vapxy6q6r3jibdfy6cdbf1cnaka4zjr1x70hccp5umn6yppfvgu0biivz02qbo6ipyz4svlqge7holnmnq70iyea0b472kw1wqgdzn8:latest/confusion_matrix_table.table.json", "path": "media/table/confusion_matrix_table_10_8091265284148e495f12.table.json", "ncols": 3, "nrows": 9}, "_wandb": {"runtime": 1772}}