{"Epoch": 10, "Train Loss": 0.00037678634093178215, "Train Acc": 100.0, "Valid Loss": 0.5723236157343938, "Valid Acc": 86.11111111111111, "Elapsed time:": 1060.3733296394348, "_timestamp": 1715190142.22839, "_runtime": 1062.5994279384613, "_step": 10, "confusion_matrix_table": {"_type": "table-file", "sha256": "0757898f03c75e7714e3224e5013db2388122c17d0df358058db39bdaf8abbea", "size": 359, "artifact_path": "wandb-client-artifact://efnnwgzsp0mhs7ctsn2pf6yp2yhlkfyyci7kqjpkqbqcad4qqwuomlj3u61axaa8j0wcy97hfzbrm6w6f0t893uy14f06d3k10q1lirs4fsk6zeq47bzlb8bb005k7lt:latest/confusion_matrix_table.table.json", "_latest_artifact_path": "wandb-client-artifact://efnnwgzsp0mhs7ctsn2pf6yp2yhlkfyyci7kqjpkqbqcad4qqwuomlj3u61axaa8j0wcy97hfzbrm6w6f0t893uy14f06d3k10q1lirs4fsk6zeq47bzlb8bb005k7lt:latest/confusion_matrix_table.table.json", "path": "media/table/confusion_matrix_table_10_0757898f03c75e7714e3.table.json", "ncols": 3, "nrows": 9}, "_wandb": {"runtime": 1061}}