{"Epoch": 10, "Train Loss": 0.19857854248645404, "Train Acc": 92.62948207171314, "Valid Loss": 0.6488188843314464, "Valid Acc": 69.94949494949495, "Elapsed time:": 886.8872332572937, "_timestamp": 1715215225.8298678, "_runtime": 889.4490377902985, "_step": 10, "confusion_matrix_table": {"_type": "table-file", "sha256": "6b0e8e0e5e94f9ec4e65b0b329f7985ca5f26c48061dda523eed15b006071eb7", "size": 359, "artifact_path": "wandb-client-artifact://y6i90x5johjyfyewx2hu4qrne94cxglcq2cmxofq82e00ea35ljr4uwh0xb1pbzctxkwuoyithxzt1t2r9w4lbezj1smlfdteza4tzzmio8bo1e9b0f1qyhxonq6cxn1:latest/confusion_matrix_table.table.json", "_latest_artifact_path": "wandb-client-artifact://y6i90x5johjyfyewx2hu4qrne94cxglcq2cmxofq82e00ea35ljr4uwh0xb1pbzctxkwuoyithxzt1t2r9w4lbezj1smlfdteza4tzzmio8bo1e9b0f1qyhxonq6cxn1:latest/confusion_matrix_table.table.json", "path": "media/table/confusion_matrix_table_10_6b0e8e0e5e94f9ec4e65.table.json", "ncols": 3, "nrows": 9}, "_wandb": {"runtime": 904}}