{"Epoch": 10, "Train Loss": 0.11181678380414913, "Train Acc": 96.41434262948208, "Valid Loss": 0.39025398515737975, "Valid Acc": 87.37373737373737, "Elapsed time:": 1216.7037131786346, "_timestamp": 1715205727.9132638, "_runtime": 1219.7139809131622, "_step": 10, "confusion_matrix_table": {"_type": "table-file", "sha256": "8262a8a23b7b8ff26736f990d5ba3e4059289633e2907c53240d943f854982ab", "size": 359, "artifact_path": "wandb-client-artifact://dfj2hak7st0m2uew3hnp2b6i3xht5qr68pq5jhmfz92v4qk265yx2oi11iedfcsgawa3x8spe1cmhemfk78slyziig9f7lfyv8wj4nq9cov4havv4k2zu427fexk5mie:latest/confusion_matrix_table.table.json", "_latest_artifact_path": "wandb-client-artifact://dfj2hak7st0m2uew3hnp2b6i3xht5qr68pq5jhmfz92v4qk265yx2oi11iedfcsgawa3x8spe1cmhemfk78slyziig9f7lfyv8wj4nq9cov4havv4k2zu427fexk5mie:latest/confusion_matrix_table.table.json", "path": "media/table/confusion_matrix_table_10_8262a8a23b7b8ff26736.table.json", "ncols": 3, "nrows": 9}, "_wandb": {"runtime": 1264}}