{"Epoch": 10, "Train Loss": 0.10448851653685172, "Train Acc": 96.67994687915007, "Valid Loss": 0.9847764349900759, "Valid Acc": 68.93939393939394, "Elapsed time:": 916.9258830547333, "_timestamp": 1715212556.7228608, "_runtime": 921.1749708652496, "_step": 10, "confusion_matrix_table": {"_type": "table-file", "sha256": "28b038b0a22dcb2023bb918ee0d19d5a67113d95a690fc2a3b7ca0cee77a2ad9", "size": 361, "artifact_path": "wandb-client-artifact://dst5w371el5v6byrfntjaohlugu01hcl9mnz5unrjzuy9hd0tsu0cmgbxn2dlgg42vcx4qnt0nvqp2mi7pmg7gos8htbbw95q90zsffz0txebudlqu5kfuyt6rc1hghd:latest/confusion_matrix_table.table.json", "_latest_artifact_path": "wandb-client-artifact://dst5w371el5v6byrfntjaohlugu01hcl9mnz5unrjzuy9hd0tsu0cmgbxn2dlgg42vcx4qnt0nvqp2mi7pmg7gos8htbbw95q90zsffz0txebudlqu5kfuyt6rc1hghd:latest/confusion_matrix_table.table.json", "path": "media/table/confusion_matrix_table_10_28b038b0a22dcb2023bb.table.json", "ncols": 3, "nrows": 9}, "_wandb": {"runtime": 920}}