{"Epoch": 10, "Train Loss": 0.0016539322822003062, "Train Acc": 99.933598937583, "Valid Loss": 0.6850346556076636, "Valid Acc": 88.13131313131314, "Elapsed time:": 2139.4057841300964, "_timestamp": 1715194120.6917655, "_runtime": 2142.1093516349792, "_step": 10, "confusion_matrix_table": {"_type": "table-file", "sha256": "8f2862fbd540757918a455538170bfd0c389a95af98dea20be9255ed25eff7b4", "size": 360, "artifact_path": "wandb-client-artifact://kdnmmkiej1w45j3cqgei68xme511c13iamkkhcr98xl0mlmcqb1o8n7cyfkmtyjy9motuvv34msrjlkbpe7824rplinwrean1gypb4rv3c2a9ti4s67q509cdoaku9n4:latest/confusion_matrix_table.table.json", "_latest_artifact_path": "wandb-client-artifact://kdnmmkiej1w45j3cqgei68xme511c13iamkkhcr98xl0mlmcqb1o8n7cyfkmtyjy9motuvv34msrjlkbpe7824rplinwrean1gypb4rv3c2a9ti4s67q509cdoaku9n4:latest/confusion_matrix_table.table.json", "path": "media/table/confusion_matrix_table_10_8f2862fbd540757918a4.table.json", "ncols": 3, "nrows": 9}, "_wandb": {"runtime": 2141}}