{"Epoch": 10, "Train Loss": 0.003884082889309489, "Train Acc": 99.867197875166, "Valid Loss": 0.7175800135502448, "Valid Acc": 86.86868686868686, "Elapsed time:": 887.8493928909302, "_timestamp": 1715211607.7309191, "_runtime": 891.887433052063, "_step": 10, "confusion_matrix_table": {"_type": "table-file", "sha256": "fc213d7487c1af64f54ec5f51321084cdb6d32fa485be3dbb6edd6eb4bd3ebb4", "size": 360, "artifact_path": "wandb-client-artifact://bv7247rqdwndz6emywlckfw25dtsrq28yslrxjxqomkfmo1j7g8ocorluwfretyenly9dn7bofzgpnblz34ewke7shmcnegcqo19lb73010yhb7z9tfrkduyt7j5sl5b:latest/confusion_matrix_table.table.json", "_latest_artifact_path": "wandb-client-artifact://bv7247rqdwndz6emywlckfw25dtsrq28yslrxjxqomkfmo1j7g8ocorluwfretyenly9dn7bofzgpnblz34ewke7shmcnegcqo19lb73010yhb7z9tfrkduyt7j5sl5b:latest/confusion_matrix_table.table.json", "path": "media/table/confusion_matrix_table_10_fc213d7487c1af64f54e.table.json", "ncols": 3, "nrows": 9}, "_wandb": {"runtime": 912}}